{"cameraMode":{"drawMode":0,"name":"Shaded","section":"Shading Mode"},"sceneLighting":false,"audioPlay":false,"sceneViewState":{"showFog":true,"showMaterialUpdate":false,"showSkybox":false,"showFlares":true,"showImageEffects":true,"showParticleSystems":true},"in2DMode":false,"pivot":{"x":6.910606384277344,"y":-18.029794692993165,"z":-25.648635864257814},"rotation":{"x":0.00009762647823663428,"y":0.9476991295814514,"z":-0.3192167580127716,"w":0.00027891609352082014},"size":0.20208239555358888,"orthographic":true}