{"cameraMode":{"drawMode":0,"name":"Shaded","section":"Shading Mode"},"sceneLighting":true,"audioPlay":false,"sceneViewState":{"showFog":true,"showMaterialUpdate":false,"showSkybox":true,"showFlares":true,"showImageEffects":true,"showParticleSystems":true},"in2DMode":false,"pivot":{"x":42.304443359375,"y":0.1044921875,"z":50.716552734375},"rotation":{"x":-0.22916941344738007,"y":-0.7705047130584717,"z":0.431088387966156,"w":-0.41005492210388186},"size":1.1551817655563355,"orthographic":true}