{"cameraMode":{"drawMode":0,"name":"Shaded","section":"Shading Mode"},"sceneLighting":false,"audioPlay":false,"sceneViewState":{"showFog":true,"showMaterialUpdate":false,"showSkybox":false,"showFlares":true,"showImageEffects":true,"showParticleSystems":true},"in2DMode":false,"pivot":{"x":0.031996533274650577,"y":0.12362644076347351,"z":0.051859140396118167},"rotation":{"x":-0.155192568898201,"y":-0.807792067527771,"z":0.2440442442893982,"w":-0.5136610269546509},"size":7.880249500274658,"orthographic":true}