{"cameraMode":{"drawMode":0,"name":"Shaded","section":"Shading Mode"},"sceneLighting":false,"audioPlay":false,"sceneViewState":{"showFog":true,"showMaterialUpdate":false,"showSkybox":false,"showFlares":true,"showImageEffects":true,"showParticleSystems":true},"in2DMode":false,"pivot":{"x":6.581999778747559,"y":-17.937000274658204,"z":-25.987117767333986},"rotation":{"x":0.033452507108449939,"y":0.9011797308921814,"z":-0.42634838819503786,"w":0.0707014873623848},"size":0.20208239555358888,"orthographic":true}