{"cameraMode":{"drawMode":0,"name":"Shaded","section":"Shading Mode"},"sceneLighting":false,"audioPlay":false,"sceneViewState":{"showFog":true,"showMaterialUpdate":false,"showSkybox":false,"showFlares":true,"showImageEffects":true,"showParticleSystems":true},"in2DMode":false,"pivot":{"x":6.728000164031982,"y":-17.892000198364259,"z":-26.21500015258789},"rotation":{"x":0.033452507108449939,"y":0.9011797308921814,"z":-0.42634838819503786,"w":0.0707014873623848},"size":0.20208239555358888,"orthographic":true}