{"cameraMode":{"drawMode":0,"name":"Shaded","section":"Shading Mode"},"sceneLighting":false,"audioPlay":false,"sceneViewState":{"showFog":true,"showMaterialUpdate":false,"showSkybox":false,"showFlares":true,"showImageEffects":true,"showParticleSystems":true},"in2DMode":false,"pivot":{"x":45.756866455078128,"y":4.804178237915039,"z":45.64727020263672},"rotation":{"x":-0.08946546912193299,"y":0.747407078742981,"z":-0.10254698991775513,"w":-0.6504082083702087},"size":2.15488338470459,"orthographic":true}