{"cameraMode":{"drawMode":0,"name":"Shaded","section":"Shading Mode"},"sceneLighting":false,"audioPlay":false,"sceneViewState":{"showFog":true,"showMaterialUpdate":false,"showSkybox":false,"showFlares":true,"showImageEffects":true,"showParticleSystems":true},"in2DMode":false,"pivot":{"x":6.030788421630859,"y":-17.99726676940918,"z":-25.613773345947267},"rotation":{"x":0.023239444941282274,"y":0.8902318477630615,"z":-0.45265260338783266,"w":0.045704882591962817},"size":0.20208239555358888,"orthographic":true}