{"cameraMode":{"drawMode":0,"name":"Shaded","section":"Shading Mode"},"sceneLighting":false,"audioPlay":false,"sceneViewState":{"showFog":true,"showMaterialUpdate":false,"showSkybox":false,"showFlares":true,"showImageEffects":true,"showParticleSystems":true},"in2DMode":false,"pivot":{"x":7.630000114440918,"y":0.3312512934207916,"z":4.050000190734863},"rotation":{"x":0.010511905886232853,"y":0.9785508513450623,"z":-0.19938836991786958,"w":0.05229419842362404},"size":19.312400817871095,"orthographic":true}