{"cameraMode":{"drawMode":0,"name":"Shaded","section":"Shading Mode"},"sceneLighting":true,"audioPlay":false,"sceneViewState":{"showFog":true,"showMaterialUpdate":false,"showSkybox":true,"showFlares":true,"showImageEffects":true,"showParticleSystems":true},"in2DMode":false,"pivot":{"x":7.1424713134765629,"y":-0.8369140625,"z":1.1328125},"rotation":{"x":0.5212507843971252,"y":0.014079795219004155,"z":-0.008601476438343525,"w":0.8532457947731018},"size":8.33115005493164,"orthographic":true}