{"cameraMode":{"drawMode":0,"name":"Shaded","section":"Shading Mode"},"sceneLighting":false,"audioPlay":false,"sceneViewState":{"showFog":true,"showMaterialUpdate":false,"showSkybox":false,"showFlares":true,"showImageEffects":true,"showParticleSystems":true},"in2DMode":false,"pivot":{"x":45.57500076293945,"y":0.5870000123977661,"z":49.1619987487793},"rotation":{"x":-0.006492105312645435,"y":0.9702805280685425,"z":-0.2405317723751068,"w":-0.02620568685233593},"size":0.20208294689655305,"orthographic":true}